{
	"Gate Swap" : [],
	"Ref Des" : [],
	"Pin Swap" : [],
	"Component Property" : [],
	"Net Property" : [
		{
			"Name" : "N19559",
			"C_PATH" : "@proiect1_cef_moisanu_david_matheo.schematic1(sch_1):n19559",
			"PropName" : "MIN_LINE_WIDTH",
			"Logical" : null,
			"Physical" : "0.4064 MM"
		},
		{
			"Name" : "N19563",
			"C_PATH" : "@proiect1_cef_moisanu_david_matheo.schematic1(sch_1):n19563",
			"PropName" : "MIN_LINE_WIDTH",
			"Logical" : null,
			"Physical" : "0.4064 MM"
		},
		{
			"Name" : "N19567",
			"C_PATH" : "@proiect1_cef_moisanu_david_matheo.schematic1(sch_1):n19567",
			"PropName" : "MIN_LINE_WIDTH",
			"Logical" : null,
			"Physical" : "0.4064 MM"
		},
		{
			"Name" : "N19725",
			"C_PATH" : "@proiect1_cef_moisanu_david_matheo.schematic1(sch_1):n19725",
			"PropName" : "MIN_LINE_WIDTH",
			"Logical" : null,
			"Physical" : "0.4064 MM"
		},
		{
			"Name" : "VOUT",
			"C_PATH" : "@proiect1_cef_moisanu_david_matheo.schematic1(sch_1):vout",
			"PropName" : "MIN_LINE_WIDTH",
			"Logical" : null,
			"Physical" : "0.4572 MM"
		},
		{
			"Name" : "+VCC",
			"C_PATH" : "@proiect1_cef_moisanu_david_matheo.schematic1(sch_1):\\+vcc\\",
			"PropName" : "MIN_LINE_WIDTH",
			"Logical" : null,
			"Physical" : "0.4572 MM"
		},
		{
			"Name" : "-VCC",
			"C_PATH" : "@proiect1_cef_moisanu_david_matheo.schematic1(sch_1):\\-vcc\\",
			"PropName" : "MIN_LINE_WIDTH",
			"Logical" : null,
			"Physical" : "0.4572 MM"
		},
		{
			"Name" : "N14583",
			"C_PATH" : "@proiect1_cef_moisanu_david_matheo.schematic1(sch_1):n14583",
			"PropName" : "MIN_LINE_WIDTH",
			"Logical" : null,
			"Physical" : "0.4064 MM"
		},
		{
			"Name" : "N14587",
			"C_PATH" : "@proiect1_cef_moisanu_david_matheo.schematic1(sch_1):n14587",
			"PropName" : "MIN_LINE_WIDTH",
			"Logical" : null,
			"Physical" : "0.4064 MM"
		},
		{
			"Name" : "N14597",
			"C_PATH" : "@proiect1_cef_moisanu_david_matheo.schematic1(sch_1):n14597",
			"PropName" : "MIN_LINE_WIDTH",
			"Logical" : null,
			"Physical" : "0.4064 MM"
		},
		{
			"Name" : "N14670",
			"C_PATH" : "@proiect1_cef_moisanu_david_matheo.schematic1(sch_1):n14670",
			"PropName" : "MIN_LINE_WIDTH",
			"Logical" : null,
			"Physical" : "0.4064 MM"
		},
		{
			"Name" : "N14674",
			"C_PATH" : "@proiect1_cef_moisanu_david_matheo.schematic1(sch_1):n14674",
			"PropName" : "MIN_LINE_WIDTH",
			"Logical" : null,
			"Physical" : "0.4064 MM"
		},
		{
			"Name" : "N14744",
			"C_PATH" : "@proiect1_cef_moisanu_david_matheo.schematic1(sch_1):n14744",
			"PropName" : "MIN_LINE_WIDTH",
			"Logical" : null,
			"Physical" : "0.4064 MM"
		},
		{
			"Name" : "N14748",
			"C_PATH" : "@proiect1_cef_moisanu_david_matheo.schematic1(sch_1):n14748",
			"PropName" : "MIN_LINE_WIDTH",
			"Logical" : null,
			"Physical" : "0.4064 MM"
		},
		{
			"Name" : "N165011",
			"C_PATH" : "@proiect1_cef_moisanu_david_matheo.schematic1(sch_1):n165011",
			"PropName" : "MIN_LINE_WIDTH",
			"Logical" : null,
			"Physical" : "0.4064 MM"
		},
		{
			"Name" : "N164831",
			"C_PATH" : "@proiect1_cef_moisanu_david_matheo.schematic1(sch_1):n164831",
			"PropName" : "MIN_LINE_WIDTH",
			"Logical" : null,
			"Physical" : "0.4064 MM"
		},
		{
			"Name" : "N14865",
			"C_PATH" : "@proiect1_cef_moisanu_david_matheo.schematic1(sch_1):n14865",
			"PropName" : "MIN_LINE_WIDTH",
			"Logical" : null,
			"Physical" : "0.4064 MM"
		},
		{
			"Name" : "N164651",
			"C_PATH" : "@proiect1_cef_moisanu_david_matheo.schematic1(sch_1):n164651",
			"PropName" : "MIN_LINE_WIDTH",
			"Logical" : null,
			"Physical" : "0.4064 MM"
		},
		{
			"Name" : "N164471",
			"C_PATH" : "@proiect1_cef_moisanu_david_matheo.schematic1(sch_1):n164471",
			"PropName" : "MIN_LINE_WIDTH",
			"Logical" : null,
			"Physical" : "0.4064 MM"
		},
		{
			"Name" : "N164291",
			"C_PATH" : "@proiect1_cef_moisanu_david_matheo.schematic1(sch_1):n164291",
			"PropName" : "MIN_LINE_WIDTH",
			"Logical" : null,
			"Physical" : "0.4064 MM"
		},
		{
			"Name" : "N164131",
			"C_PATH" : "@proiect1_cef_moisanu_david_matheo.schematic1(sch_1):n164131",
			"PropName" : "MIN_LINE_WIDTH",
			"Logical" : null,
			"Physical" : "0.4064 MM"
		},
		{
			"Name" : "GND",
			"C_PATH" : "@proiect1_cef_moisanu_david_matheo.schematic1(sch_1):gnd",
			"PropName" : "MIN_LINE_WIDTH",
			"Logical" : null,
			"Physical" : "0.6604 MM"
		},
		{
			"Name" : "VIN",
			"C_PATH" : "@proiect1_cef_moisanu_david_matheo.schematic1(sch_1):vin",
			"PropName" : "MIN_LINE_WIDTH",
			"Logical" : null,
			"Physical" : "0.4572 MM"
		},
		{
			"Name" : "N14932",
			"C_PATH" : "@proiect1_cef_moisanu_david_matheo.schematic1(sch_1):n14932",
			"PropName" : "MIN_LINE_WIDTH",
			"Logical" : null,
			"Physical" : "0.4064 MM"
		},
		{
			"Name" : "N15061",
			"C_PATH" : "@proiect1_cef_moisanu_david_matheo.schematic1(sch_1):n15061",
			"PropName" : "MIN_LINE_WIDTH",
			"Logical" : null,
			"Physical" : "0.4064 MM"
		},
		{
			"Name" : "N297690",
			"C_PATH" : "@proiect1_cef_moisanu_david_matheo.schematic1(sch_1):n297690",
			"PropName" : "MIN_LINE_WIDTH",
			"Logical" : null,
			"Physical" : "0.4064 MM"
		},
		{
			"Name" : "N15225",
			"C_PATH" : "@proiect1_cef_moisanu_david_matheo.schematic1(sch_1):n15225",
			"PropName" : "MIN_LINE_WIDTH",
			"Logical" : null,
			"Physical" : "0.4064 MM"
		},
		{
			"Name" : "N15362",
			"C_PATH" : "@proiect1_cef_moisanu_david_matheo.schematic1(sch_1):n15362",
			"PropName" : "MIN_LINE_WIDTH",
			"Logical" : null,
			"Physical" : "0.4064 MM"
		},
		{
			"Name" : "N15138",
			"C_PATH" : "@proiect1_cef_moisanu_david_matheo.schematic1(sch_1):n15138",
			"PropName" : "MIN_LINE_WIDTH",
			"Logical" : null,
			"Physical" : "0.4064 MM"
		},
		{
			"Name" : "N15539",
			"C_PATH" : "@proiect1_cef_moisanu_david_matheo.schematic1(sch_1):n15539",
			"PropName" : "MIN_LINE_WIDTH",
			"Logical" : null,
			"Physical" : "0.4064 MM"
		},
		{
			"Name" : "N15413",
			"C_PATH" : "@proiect1_cef_moisanu_david_matheo.schematic1(sch_1):n15413",
			"PropName" : "MIN_LINE_WIDTH",
			"Logical" : null,
			"Physical" : "0.4064 MM"
		},
		{
			"Name" : "N15819",
			"C_PATH" : "@proiect1_cef_moisanu_david_matheo.schematic1(sch_1):n15819",
			"PropName" : "MIN_LINE_WIDTH",
			"Logical" : null,
			"Physical" : "0.4064 MM"
		},
		{
			"Name" : "N15823",
			"C_PATH" : "@proiect1_cef_moisanu_david_matheo.schematic1(sch_1):n15823",
			"PropName" : "MIN_LINE_WIDTH",
			"Logical" : null,
			"Physical" : "0.4064 MM"
		},
		{
			"Name" : "N16048",
			"C_PATH" : "@proiect1_cef_moisanu_david_matheo.schematic1(sch_1):n16048",
			"PropName" : "MIN_LINE_WIDTH",
			"Logical" : null,
			"Physical" : "0.4064 MM"
		},
		{
			"Name" : "N16052",
			"C_PATH" : "@proiect1_cef_moisanu_david_matheo.schematic1(sch_1):n16052",
			"PropName" : "MIN_LINE_WIDTH",
			"Logical" : null,
			"Physical" : "0.4064 MM"
		},
		{
			"Name" : "N165191",
			"C_PATH" : "@proiect1_cef_moisanu_david_matheo.schematic1(sch_1):n165191",
			"PropName" : "MIN_LINE_WIDTH",
			"Logical" : null,
			"Physical" : "0.4064 MM"
		},
		{
			"Name" : "N165371",
			"C_PATH" : "@proiect1_cef_moisanu_david_matheo.schematic1(sch_1):n165371",
			"PropName" : "MIN_LINE_WIDTH",
			"Logical" : null,
			"Physical" : "0.4064 MM"
		},
		{
			"Name" : "N165551",
			"C_PATH" : "@proiect1_cef_moisanu_david_matheo.schematic1(sch_1):n165551",
			"PropName" : "MIN_LINE_WIDTH",
			"Logical" : null,
			"Physical" : "0.4064 MM"
		},
		{
			"Name" : "N165731",
			"C_PATH" : "@proiect1_cef_moisanu_david_matheo.schematic1(sch_1):n165731",
			"PropName" : "MIN_LINE_WIDTH",
			"Logical" : null,
			"Physical" : "0.4064 MM"
		},
		{
			"Name" : "N18748",
			"C_PATH" : "@proiect1_cef_moisanu_david_matheo.schematic1(sch_1):n18748",
			"PropName" : "MIN_LINE_WIDTH",
			"Logical" : null,
			"Physical" : "0.4064 MM"
		},
		{
			"Name" : "N18777",
			"C_PATH" : "@proiect1_cef_moisanu_david_matheo.schematic1(sch_1):n18777",
			"PropName" : "MIN_LINE_WIDTH",
			"Logical" : null,
			"Physical" : "0.4064 MM"
		},
		{
			"Name" : "N18808",
			"C_PATH" : "@proiect1_cef_moisanu_david_matheo.schematic1(sch_1):n18808",
			"PropName" : "MIN_LINE_WIDTH",
			"Logical" : null,
			"Physical" : "0.4064 MM"
		},
		{
			"Name" : "N18812",
			"C_PATH" : "@proiect1_cef_moisanu_david_matheo.schematic1(sch_1):n18812",
			"PropName" : "MIN_LINE_WIDTH",
			"Logical" : null,
			"Physical" : "0.4064 MM"
		}
	],
	"Pin Property" : [],
	"Component" : [],
	"Net" : [],
	"Connection" : []
}
